{"eval_loss": 0.21278499066829681, "eval_accuracy": 0.9539748953974896, "eval_clf_report": {"0": {"precision": 0.9405405405405406, "recall": 0.9693593314763231, "f1-score": 0.9547325102880658, "support": 359.0}, "1": {"precision": 0.968299711815562, "recall": 0.9385474860335196, "f1-score": 0.9531914893617022, "support": 358.0}, "accuracy": 0.9539748953974896, "macro avg": {"precision": 0.9544201261780513, "recall": 0.9539534087549213, "f1-score": 0.953961999824884, "support": 717.0}, "weighted avg": {"precision": 0.9544007683180269, "recall": 0.9539748953974896, "f1-score": 0.9539630744559344, "support": 717.0}}, "eval_runtime": 14.327, "eval_samples_per_second": 50.046, "eval_steps_per_second": 6.282, "epoch": 3.0}