{"eval_loss": 0.18140453100204468, "eval_accuracy": 0.9569444444444445, "eval_clf_report": {"0": {"precision": 0.9727011494252874, "recall": 0.9402777777777778, "f1-score": 0.9562146892655368, "support": 720.0}, "1": {"precision": 0.9422043010752689, "recall": 0.9736111111111111, "f1-score": 0.9576502732240437, "support": 720.0}, "accuracy": 0.9569444444444445, "macro avg": {"precision": 0.9574527252502781, "recall": 0.9569444444444444, "f1-score": 0.9569324812447902, "support": 1440.0}, "weighted avg": {"precision": 0.9574527252502782, "recall": 0.9569444444444445, "f1-score": 0.9569324812447902, "support": 1440.0}}, "eval_runtime": 32.8509, "eval_samples_per_second": 43.834, "eval_steps_per_second": 5.479, "epoch": 3.0}