{"eval_loss": 0.15635541081428528, "eval_accuracy": 0.9533809323813524, "eval_clf_report": {"0": {"precision": 0.9736842105263158, "recall": 0.9319899244332494, "f1-score": 0.9523809523809523, "support": 1191.0}, "1": {"precision": 0.934730056406124, "recall": 0.9747899159663865, "f1-score": 0.9543397778691897, "support": 1190.0}, "accuracy": 0.9533809323813524, "macro avg": {"precision": 0.9542071334662199, "recall": 0.9533899201998179, "f1-score": 0.953360365125071, "support": 2381.0}, "weighted avg": {"precision": 0.9542153136749811, "recall": 0.9533809323813524, "f1-score": 0.9533599537799454, "support": 2381.0}}, "eval_runtime": 45.4236, "eval_samples_per_second": 52.418, "eval_steps_per_second": 6.56, "epoch": 3.0}